,principal component 1,principal component 2,rating_five_count
0,-0.6275450694090623,1.1658866080675334,26
1,2.52108137315229,-0.1565480131813677,2269
2,-0.5953726261743386,0.44793786790584506,5
3,-0.07500515107460243,-0.39130936941477273,295
4,-0.6663385440620077,-1.5244524196178966,6
5,-0.665984653093504,-1.2107162291891185,1
6,5.4146136890621115,-0.8574797130457104,3172
7,-0.4977386802674183,0.3952713759945188,120
8,-0.5222987026252409,1.9217254999625233,6
9,-0.057600668685090436,-0.5879788673223031,287
10,-0.41950054100325346,-0.9626218721991001,245
11,-0.6583855634723498,-0.712590692027277,3
12,-0.5622279138381935,-1.6335256654178498,49
13,-0.507695761528707,-0.10178375130398143,36
14,1.5465337187534658,-1.6539399297861812,984
15,-0.315155556195918,1.8459925753728026,204
16,0.7043604256715806,0.14776430587032865,840
17,12.95266650902075,-1.0531469759571077,8290
18,2.6352974553120667,-0.28600672937583166,2456
19,-0.5305845034454117,-0.5670091235498708,87
20,0.0835177960774619,0.17519333042002266,506
21,1.8851097754407555,-1.0429957890080555,1437
22,-0.5398910482281247,0.5703929109790126,27
23,-0.13867604768496158,-0.6110063620903224,213
24,-0.3866659275564501,-0.9629932370849212,290
25,-0.3142108512194377,0.3593955451082498,323
26,-0.5132486444067389,-0.17284882423185338,105
27,2.1343742262901118,-1.069053946633206,1781
28,-0.6677098928153876,-1.7216150948070876,7
29,-0.4827021823207233,-0.9386681155936029,156
30,-0.5270866457877174,2.2576859165322376,17
31,-0.49656568577604043,-0.9385113170862561,137
32,-0.4368251903107365,-0.3941303070869067,215
33,0.003874678866346539,-1.5520316898661821,418
34,0.49220586018187384,-0.24419256179181636,555
35,-0.4691940478803776,0.19777034613157937,162
36,-0.6427477153922035,-0.15573863849380098,2
37,-0.014798899732136188,0.7446009289172418,365
38,-0.6587486428027841,-0.8865258352765768,3
39,-0.521626752848535,0.6159586750322581,82
40,5.501175267516254,1.232339933202484,3111
41,-0.5627242713754165,0.8549700801866125,0
42,-0.6399422578797297,0.4702698233656151,11
43,-0.5899976180230094,-0.4915359799025842,22
44,1.1509879262167282,-1.017117301302278,1467
45,-0.5694908582120294,0.22793355486918584,11
46,-0.6533046423767455,1.1665452825391645,0
47,-0.18807960510171326,1.4720268202828295,451
48,0.4776126986499611,-0.24402751073145137,535
49,-0.6432568872261075,-0.5853004213771794,28
50,-0.6342557206724893,0.4356998717556632,5
51,-0.46306767367408147,-0.8226955069545112,171
52,-0.5871025478638854,-1.517049651044645,3
53,-0.4895574101628629,1.3599474407689167,15
54,0.04867014320049371,-0.21876890762555684,464
55,-0.2546187192302595,0.39463825426682997,349
56,-0.642861601670122,-1.535984648007377,22
57,0.001972026298373243,-0.2182407442323889,400
58,-0.6604021023182415,-0.7590457559070596,5
59,-0.39903989212399005,1.5448351577969859,120
60,-0.6652697074611101,-0.5848473808333072,3
61,-0.6111118442132482,-0.1896924743989497,2
62,-0.6663385440620077,-1.5244524196178966,6
63,-0.5148733971123716,-0.8221095756902156,100
64,0.04046796955831961,0.17568023104809935,447
65,-0.6556428659655893,-0.3182653416488945,1
66,-0.42595627238967115,2.043718400066669,84
67,-0.6522626886817809,-1.3851780060617496,11
68,0.6856532178795274,-0.44355866863688015,823
69,-0.5015535426891661,-0.38072044840813385,73
70,-0.6180056002093923,-0.039823797725836975,24
71,0.5610611209970233,-1.184384381712833,659
72,0.975327474287993,-0.44683493218512504,1220
73,-0.6406901245189691,0.2033832895916585,20
74,-0.6231886545289328,0.21623044489535395,0
75,-0.6183491643892179,0.3899517016638844,2
76,-0.6417975710729161,-0.585316926483216,30
77,0.5613474426588366,0.14938180626190542,644
78,-0.5094845206202124,1.585674305309609,6
79,0.9284422128550606,-1.0146002726317123,1162
80,-0.48863091374902645,-0.3935443758226111,144
81,-0.6654217414545996,-0.9561671683311598,1
82,0.7131930802593491,-1.0121657694913289,867
83,-0.6368007754012568,-0.4339675919378181,4
84,11.526229738627121,-0.9266030971265623,11548
85,0.517831860262532,-0.4416605814426827,593
86,-0.46636338297380614,0.39491651621473406,163
87,2.338784663699344,-1.0016490554465685,2054
88,-0.1352552423761289,0.5142794886842191,189
89,2.0387122605874626,0.09185818253762315,1635
90,-0.5712539931056685,0.6335765672585739,19
91,-0.6406901245189691,0.2033832895916585,20
92,15.104269315177962,-0.5429864384938399,11184
93,2.100909131897714,-0.3032016450593829,1726
94,-0.6618726282026227,-1.721681115231234,15
95,-0.6482478195526412,-1.5591626646291585,17
96,-0.5043874123312238,2.6292521545933356,10
97,-0.5314133386530089,-1.332473555131836,95
98,-0.507695761528707,-0.10178375130398143,36
99,-0.6081205487579272,0.6677936349881751,17
100,-0.6470811124087079,-0.1909007980216328,17
101,0.5859721721480029,-0.7670708234320887,685
102,-0.6383907634269912,1.9314830804977983,2
103,0.11059190258012132,-0.9849430587670911,558
104,-0.5476526661886839,0.9586547312278159,18
105,-0.408368525323507,-0.3944521566546184,254
106,-0.5509269621902785,-0.7639572323605877,62
107,0.2564467602306267,0.17323747535469775,743
108,-0.5476452505534616,-0.5900550993233608,66
109,0.6204497468630831,0.14871334946742734,725
110,-0.6205142378128723,-0.37570168876536875,3
111,1.1372348096236022,0.7111640457702626,1427
112,-0.59299519752849,0.11237204411117004,0
113,-0.6617734510716216,-0.956208431096251,6
114,-0.48305755133569456,0.19792714463892608,143
115,-0.5611874860695949,1.7014100119402025,2
116,-0.6722102044308009,-0.955723060238011,1
117,-0.6501756795147124,0.20349057278089575,7
118,1.4025664473049793,1.2996976573573034,1782
119,-0.5920874151217951,0.27396146189145365,10
120,-0.5261580383451638,2.1191514069761674,3
121,-0.662227997217594,-0.585085854998705,2
122,-0.6205346392032778,0.04209792027132113,0
123,-0.44751585306666647,1.3362330082009488,75
124,-0.5924609926994103,1.1436619357970084,7
125,-0.1706581780187174,1.478742962979577,59
126,-0.6677562367981541,-1.3845987090760852,0
127,1.4272475826691333,-0.8638780424632952,809
128,-0.5636605924307183,0.9236246125482762,17
129,-0.6691931097747117,-0.9559204416127438,1
130,-0.5464610463308937,-0.9611859279739249,71
131,0.45369870719073757,-1.6007654015025152,520
132,0.18310316409371222,-0.6146457379713702,654
133,-0.6622244978018671,-0.932964394050323,3
134,0.05554859494576529,0.6860607155957561,450
135,0.07283682712796061,-0.4162204221703868,500
136,-0.4998396870973941,0.1981169533583459,120
137,4.22503176026741,-0.5244040071907332,4640
138,-0.5278198032800402,2.605572708136874,15
139,-0.653094311821095,0.2035235829929687,3
140,0.04046796955831961,0.17568023104809935,447
141,3.6894627320462163,-0.5183466332753379,3906
142,-0.3880148568474503,0.765147816586309,267
143,-0.6563907326048288,-0.585151875422851,10
144,1.6497165383621804,0.2934359735915777,1099
145,-0.5076593444034194,0.4320058213499683,16
146,-0.5705800962033324,-0.2938718748787137,11
147,-0.6422931692462314,-0.526861214591347,6
148,-0.48571228144264383,-0.393577386034684,148
149,4.233350988557653,1.2648999447176348,4468
150,-0.24684601272279222,0.005696084795106612,19
151,-0.43520507250715884,0.47625315281972813,180
152,-0.06042319927387974,-1.3541262849053486,327
153,-0.6684395508919836,-1.7216068422540698,6
154,-0.6528191998904718,0.5746379065374965,0
155,-0.5812862797454816,0.5701555628409173,5
156,-0.643396404900442,0.34284751186722556,2
157,-0.5168934353739901,-0.5206861005183803,101
158,1.4403797408175412,0.45563480982825166,1695
159,0.05742604011964127,-0.21886793826177584,476
160,-0.41699430369450774,3.8585162426484656,73
161,-0.11532698923390135,-0.6112704437869064,245
162,-0.6533046423767455,1.1665452825391645,0
163,-0.5864860645811986,-0.8910164315261742,9
164,-0.5903397080576328,-1.7261634589278132,20
165,-0.6578500487580203,-0.5851353703168146,8
166,-0.6653541754451942,-0.7355467395896974,1
167,-0.519955084770434,0.7553733819897158,70
168,-0.5121497489743422,2.0378053917908527,8
169,-0.013904516587108529,-0.6124175486564429,384
170,-0.653182279220906,0.40070276328819665,0
171,-0.608450286376482,-0.5040050475372768,50
172,-0.15494551219703026,-0.5291333095391424,165
173,-0.6579380161578313,-0.38795619002158677,5
174,-0.6550193838514486,-0.38798920023365974,9
175,-0.16838810683774103,1.9140494182478824,398
176,-0.044103743975934646,-0.41419227002733183,305
177,-0.5312149843910062,0.1984718131381305,77
178,-0.6470811124087079,-0.1909007980216328,17
179,-0.626376709819735,0.05322662343503859,3
180,-0.5788411136317246,-1.3319371391856496,30
181,-0.6579380161578313,-0.38795619002158677,5
182,-0.40569633450325854,2.468285532913974,23
183,-0.4792778775961639,-0.1612608038706794,133
184,2.5983108189911883,0.34186285766684044,2341
185,0.08724284412906104,-0.9846789770705073,526
186,-0.6667051228081687,-1.3505090238155788,5
187,-0.65795491813251,-0.3180351200365149,3
188,-0.4745027036535243,0.2929027355077701,41
189,-0.6729398625073966,-0.9557148076849926,0
190,2.477500666820871,-0.5046391427120279,2245
191,1.0368861543371863,-1.3869442265759586,1314
192,-0.5076593444034194,0.4320058213499683,16
193,-0.0030476128379851673,-0.41536215665648885,396
194,-0.474301654416547,0.1978281140027071,155
195,-0.66389835870773,-0.38768470564411595,2
196,-0.16479098629085423,5.8026500101371,195
197,0.8658787627986485,-0.44559704923238747,1070
198,-0.5150966712867809,1.9616264803828651,57
199,-0.5188107970888806,0.19833151973682028,94
200,-0.3809166303434961,-0.7658800772138395,295
201,0.3378577401941783,0.5455507439415876,747
202,0.7769484448537922,-0.641769418059389,951
203,-0.6509863061596655,-0.2950790724740944,5
204,-0.6037678076924511,1.0966064114463274,31
205,-0.6574834700118588,-0.7590787661191325,9
206,-0.002754292344717958,0.22264695321501343,383
207,-0.14142687950950386,-0.4363304649688142,174
208,0.0018964970728228927,0.34020010023474107,308
209,0.9879882339125222,0.8086299317511835,1074
210,0.6856086664364577,-0.408346993790939,802
211,-0.4414627371132648,1.1277196607886788,70
212,-0.6586845762091057,-0.31802686748349673,2
213,-0.5222987026252409,1.9217254999625233,6
214,10.27600320820795,-0.9193565653757376,4663
215,1.4443476016174697,1.5196422266234009,1834
216,-0.627313199036254,0.6683780364826342,0
217,-0.5903411822028349,-0.06176048051286262,0
218,-0.6579380161578313,-0.38795619002158677,5
219,-0.44864694752606443,-0.7763807364760388,186
220,-0.642879098748756,0.20340804725071315,17
221,-0.6048136297270127,0.4128334762491409,13
222,-0.18408913892591935,3.005045904215093,334
223,-0.5187340394202594,-0.9614995249886185,109
224,-0.6550193838514486,-0.38798920023365974,9
225,0.04565233376310994,-0.9842085815484669,469
226,-0.6604021023182415,-0.7590457559070596,5
227,-0.07500515107460243,-0.39130936941477273,295
228,0.12828157114511865,0.025397800696771722,496
229,-0.5019345359020034,2.037689856048597,22
230,-0.5767804401465321,-0.4677409977038677,3
231,0.5979206778178282,-0.5228443713391981,659
232,0.19442582371999795,0.1739389423612489,658
233,-0.3948568914674342,0.3941077660189457,261
234,-0.4175882381927368,0.41901486697569185,158
235,-0.6611429701260274,-1.7216893677842524,16
236,-0.5310905998659075,0.5350822054968523,60
237,0.25998744729365064,-0.8098617537717688,243
238,0.4776978825075351,-1.186273273230498,1064
239,-0.6145742966533793,0.041826435893850426,3
240,-0.6550193838514486,-0.38798920023365974,9
241,-0.6632327672248128,-0.9561919259902144,4
242,0.43884164345939153,-1.0090628095564675,491
243,1.1375239192171334,-0.3092357868916819,1428
244,0.39083594116478504,1.8188598014398913,897
245,-0.6516349956679037,0.20350707788693223,5
246,-0.6612296309378732,-1.1876943311769783,1
247,-0.4717371626820649,0.7330001637648547,69
248,-0.6651251966171344,-0.3410174567864956,0
249,-0.5122438743995199,0.19825724675965603,103
250,1.266484111012759,-0.6993872316898587,572
251,11.924618195638521,-0.8556080951520619,6862
252,-0.6151408821069321,1.1657463146662306,43
253,-0.6477115933543022,0.5745801386663687,7
254,-0.6084619201099908,0.4128747390142321,8
255,-0.6607686810644027,-0.5851023601047415,4
256,2.3969631664647286,-0.874845685424548,2138
257,0.360955373794471,-0.4398862825437594,378
258,-0.6427407165607498,-0.851495716597037,4
259,0.44622619162515886,-1.2063245153818778,504
260,-0.2110001646677403,-0.413010179046288,111
261,-0.44132250795492084,2.205859209129339,81
262,-0.6457977310551388,0.2034410574627861,13
263,1.0670772474082306,-1.0161682577051796,1352
264,1.7344648633951416,1.3339771426674651,2077
265,-0.5891483032801126,0.7943348992130463,82
266,-0.6278325265571995,-0.29463541051054304,2
267,-0.6506302256606848,0.574613148878442,3
268,2.1162555994116725,1.0205385799293463,1646
269,-0.10310994646258777,-1.1797042410279721,268
270,-0.37411564775085493,-0.7075068908521531,281
271,1.9469784250572135,0.6745746331779622,1415
272,0.6243103891709707,0.28810329876583013,716
273,-0.6652697074611101,-0.5848473808333072,3
274,-0.5096266969041864,0.12921637417597137,79
275,-0.5340033688271644,-0.28739769299765605,19
276,-0.5555316770414382,1.3411279795484403,20
277,1.5644345108003022,0.09722234199948473,985
278,-0.03296359397840603,-0.4150238019827407,355
279,0.861966570216237,0.1459817544183871,1056
280,0.026593256371812538,-0.7868148348747648,440
281,0.02695983511797363,-0.9607582306770829,441
282,-0.07118092589200212,-0.7857089927703192,306
283,0.09910451788540335,-0.41651751407904364,536
284,-0.5793225124186339,0.9223906813944068,65
285,-0.6487163633615213,0.20347406767485926,9
286,0.24667653162897896,-0.5421106778303301,180
287,-0.5903411822028349,-0.06176048051286262,0
288,0.662622687315832,-0.23414776884505506,770
289,-0.6440857224337042,-1.3507648529591443,36
290,-0.661709384477943,-0.3877094633031707,5
291,0.733928036628484,0.5882641333258735,870
292,0.4474591190161279,1.9837140735014132,819
293,-0.6419392782777276,-0.2131250241625683,1
294,-0.08714543617729503,-0.9827066168991458,287
295,-0.48963568375624544,-0.7646504468141205,146
296,-0.6506302256606848,0.574613148878442,3
297,1.9784033326982688,-1.4616462608777563,1573
298,0.0233990881324879,0.7216355027745001,385
299,-0.6516349956679037,0.20350707788693223,5
300,1.1229986259881648,2.131016738044921,1158
301,-0.44864694752606443,-0.7763807364760388,186
302,-0.6516462053990938,-0.7591447865432787,17
303,-0.4619330797989571,0.9420396986708586,61
304,-0.5470035598766769,-0.3928841715811512,64
305,-0.664692083378004,-0.9561754208841777,2
306,-0.6624390425545386,-0.38770121075015235,4
307,2.3657750137019287,-0.30619732180500736,2089
308,0.3412546057263891,-0.4396634636122666,351
309,-0.6665144788616296,-1.1300940590274415,0
310,-0.4762357015707698,2.907800981705631,20
311,-0.661709384477943,-0.3877094633031707,5
312,-0.6190801290537787,0.05314409790485611,13
313,-0.5260461701392201,1.1562940785926314,10
314,-0.6674347808847647,-1.3505007712625607,4
315,-0.5335911031516054,-0.36979693304257005,80
316,-0.6541835498123982,-0.31828184675493093,3
317,-0.06104247048828432,0.3740065162128637,305
318,-0.6300502075968107,0.48213017797639107,6
319,-0.6593973323110225,-0.38793968491555014,3
320,-0.6054026346429457,-0.38855037383890056,77
321,-0.45959995299278067,-0.2072557006808742,130
322,-0.6216391814454537,0.5749907904178471,8
323,-0.6513710934684706,-0.3880304629987508,14
324,-0.4404734806937149,-0.3940890443218155,210
325,0.6887624941324489,-0.2231767140608157,822
326,-0.6567769979601016,0.7722281847138002,1
327,0.13195034106339687,0.545762985465346,569
328,-0.6446247365637608,-1.1303416356179887,30
329,-0.5588652336330194,-0.9610456345726146,54
330,0.018328703162358313,2.5336242940229887,227
331,-0.5625356487981368,-0.02706786663493988,12
332,0.5646179445644636,-0.6393679251310784,660
333,5.5544329278378495,-1.2301785267697427,3367
334,-0.6492700866384947,-0.19087604036257796,14
335,-0.49090785537862436,-0.19634043786832858,138
336,-0.5356739014189373,-0.3000565693517683,70
337,-0.662675167958301,0.20403192502011885,0
338,0.13725980127729565,1.728772046812567,559
339,0.8526523151180609,-0.027146614534558508,1009
340,0.7287910117984807,-0.6412247495601845,885
341,-0.6470811124087079,-0.1909007980216328,17
342,-0.17705810466698982,0.3753186721427651,146
343,-0.6550193838514486,-0.38798920023365974,9
344,-0.5396190117109095,-0.5901458774065614,77
345,-0.4187162572387264,-0.16194576577119404,216
346,-0.6683747695170106,-0.38747081916334664,0
347,2.610034534561843,0.0853964335243343,2418
348,-0.6279920453338742,0.6684224472919493,0
349,-0.5909659709049407,-0.3288524782401441,4
350,0.2880092020550511,0.7411761194146687,780
351,0.2506094956178616,0.17330349577884374,735
352,-0.4423614241147712,1.5544752266905708,181
353,2.938917792625711,2.7654210078234076,2611
354,-0.4610996096893053,1.4863814218045508,93
355,-0.546448946815507,1.191234545216273,1
356,0.2687321344816084,-1.7726126488381988,267
357,0.05625583355998083,-1.239251265817684,475
358,-0.6304097875115182,-0.039683504324526726,7
359,0.4716772602613754,1.7834398368690596,994
360,-0.6514702705994717,-1.153503147133734,23
361,0.5130943318882505,-0.9634247484254912,588
362,-0.014798899732136188,0.7446009289172418,365
363,-0.6696371576735031,-1.6284334826700517,0
364,-0.5000493804126643,2.4432916056728944,35
365,-0.5725415925575242,-0.3925953322255125,29
366,0.9073003371964311,-0.7474661622672084,1123
367,-0.20389072843259615,-0.9813862084162259,127
368,-0.45890207713941783,-0.9621762343361149,191
369,3.3855506831208086,-1.6515005788992583,3502
370,-0.653094311821095,0.2035235829929687,3
371,-0.6421382309409703,1.166051659127906,6
372,-0.05284143233243833,-0.1471984530641379,283
373,-0.6720237746812827,-1.153066611695898,0
374,-0.6618614184714326,-0.7590292508010232,3
375,-0.6509954945215961,-0.15527802529461573,0
376,-0.6500109544462804,-1.1535196522397704,25
377,1.0953246358839588,0.3757317925937164,1352
378,-0.10020450737836083,1.4899183556898385,137
379,-0.5426109022701862,0.22183963847933202,59
380,0.3548317875198927,-1.773586450094352,385
381,5.332060454300828,0.004000131085397131,2936
382,0.16391156785953392,-0.1848611361564989,601
383,-0.5704405857275483,-0.19544090958933946,29
384,-0.6584700314564338,-0.8632900507836673,1
385,-0.6563620257950047,-1.3618927062507307,3
386,-0.530760438245034,-0.17265076295941542,81
387,-0.65394633305353,0.9693743547969548,2
388,-0.6385138413641246,1.9316885444511225,7
389,-0.49901506278953367,-0.6948275575931363,126
390,-0.5834976734376486,-1.3551234083604498,26
391,1.1932348364063807,-0.20564344370351614,1511
392,0.6538268738556697,-0.41995977181116745,777
393,-0.5368473127140838,1.8866788761769477,7
394,-0.6486101873990664,0.27318967370660624,2
395,-0.6336949985640621,0.13429290168986432,2
396,-0.5294037986385708,-0.590261413148817,91
397,-0.6540920829968601,-0.8633395661017769,7
398,-0.15761761099978203,0.5555081701646897,500
399,-0.4346726695715722,3.0826812167531608,7
400,0.7301623605518609,-0.4440620743709932,884
401,5.6842961772747405,3.064028115497922,3278
402,1.508514741101872,-0.49367975230379313,917
403,-0.510806977708709,-1.7270629872068024,129
404,-0.16114780420510563,3.594204384976804,461
405,-0.6194397089684861,-0.46866958439606177,14
406,-0.6396853545117505,0.5744893605831679,18
407,-0.45889984253209737,3.3019612810236474,38
408,-0.6566658445354523,-0.9562661989673789,13
409,-0.15372025594711963,-0.5875972739840296,190
410,0.06892349905922111,0.04860255087704239,447
411,-0.014798899732136188,0.7446009289172418,365
412,0.14089267102934722,-0.8923300229161826,590
413,-0.579394836908698,-1.7262872472230868,35
414,-0.6600390229878071,-0.5851106126577599,5
415,-0.6696371576735031,-1.6284334826700517,0
416,-0.318574421577671,2.1256040059250183,136
417,-0.532032609867413,0.3956592459863764,73
418,-0.5528408244894419,-0.3928181511570053,56
419,-0.6632327672248128,-0.9561919259902144,4
420,-0.5706165205271705,0.19891745100111596,23
421,0.630928862134855,-0.4429397271605113,748
422,-0.6614983391409985,-0.5850941075517234,3
423,-0.5650291604509311,-0.601125184743819,26
424,-0.4895558506742162,-0.3928283796094575,108
425,-0.6073281306756181,0.8994684939161905,29
426,-0.36464636139067547,0.4303883209583914,212
427,-0.5645041439837821,0.5699657541214974,28
428,-0.6502805488892023,0.4705908230611953,2
429,-0.44280968291329914,-0.7764467569001846,194
430,-0.5832986004930868,1.155530542960802,1
431,4.047395914476869,-0.41605586860933896,4299
432,-0.6527242336592068,-0.31829835186096744,5
433,3.4322488000229296,-1.652028742292426,3566
434,-0.39324098456359274,-0.39391771660786634,240
435,-0.6612548383319707,-0.7588320394007168,9
436,-0.6520895418138761,0.5746296539844781,1
437,-0.4631854833700454,0.02446867356525061,136
438,-0.6636873133707852,-0.5850693498926686,0
439,-0.03760544463741302,0.17656325422105193,340
440,-0.06261322417104853,3.4931007099565634,381
441,-0.029315303595427864,-0.41506506474783195,360
442,-0.5399933007725342,-1.7267328850860726,89
443,0.39942847358971856,-0.09173738514197312,395
444,-0.30073099958659766,0.39304318667959165,390
445,0.7716649035180008,-0.2473532895978057,938
446,1.6697691760295066,-0.49550356652082606,1138
447,-0.59299519752849,0.11237204411117004,0
448,-0.5843068699160325,1.132303011020911,2
449,-0.4071731113697489,0.19706887912502824,247
450,-0.15490446016968765,-0.2164664453334654,185
451,0.219250979529394,-0.47278921844402516,170
452,-0.6494572311693068,-0.7591695442023334,20
453,-0.6286238091531803,-0.39955443883521297,29
454,-0.5399933007725342,-1.7267328850860726,89
455,4.6418816182962575,2.29335372914951,4974
456,-0.28850307812967035,1.9386468739888032,231
457,-0.4352779067577342,-0.5913259924881711,220
458,-0.4187154527979747,1.116195684952217,85
459,0.3309710611743824,0.9378683990818197,836
460,-0.5890661062686847,0.6915225967627457,6
461,1.5788426710323917,-0.6508389738264444,2050
462,-0.6472570472083299,0.20345756256882272,11
463,-0.5731615752559378,-0.6707500126923653,22
464,-0.636671755974103,-0.3184799080273689,27
465,-0.6709951038679316,-1.5476386887926967,2
466,-0.6299986573222872,-0.24883857497278616,29
467,-0.23178701049477118,5.5710183898736085,127
468,-0.5392412232335583,0.1985625912213312,66
469,-0.5553049106498522,-0.7639077170424783,56
470,0.17779214439116667,-0.04487897894021627,571
471,-0.5748178155045626,0.7843171887800559,16
472,1.3600422819537146,0.29671223713982225,702
473,1.635929792575484,-0.8662382726265144,1095
474,0.013315258416701689,0.36260435277224157,356
475,-0.5687376451867256,2.2799848617799348,27
476,-0.06283691420998011,2.454264318343507,72
477,-0.4727396617166277,0.6154057539800356,149
478,3.5196930349318496,0.7257982437952482,3598
479,-0.5443488297697276,0.198620359092459,59
480,-0.6341232018296086,0.20330901661449424,29
481,-0.6180705530428676,0.4131874861567941,0
482,-0.6653541754451942,-0.7355467395896974,1
483,1.3643978109509076,-1.628641007038709,732
484,0.39793000616186,2.9384816869314916,584
485,-0.6043068218225076,1.3170296287874823,25
486,-0.002844954719504129,2.045846123285271,248
487,-0.654756959698483,0.47080470954196446,0
488,-0.6205142378128723,-0.37570168876536875,3
489,-0.6180195978723001,1.3516903584806355,20
490,-0.6432568872261075,-0.5853004213771794,28
491,-0.3650528566778513,0.4184206831583781,230
492,0.3626200430411184,0.3952855025169343,364
493,-0.31800792908086006,1.7298301580142919,212
494,-0.33747080678435865,0.2892362771129513,333
495,-0.1630298761432408,-0.9818483513852481,183
496,-0.6458856984549498,0.4006202377580141,10
497,-0.6563907326048288,-0.585151875422851,10
498,5.299818676231262,-0.6935088131124236,2998
499,0.9890038332124979,-1.015285234532227,1245
500,1.6026406329827085,-0.49474433164314735,1046
501,0.485539760361512,-1.0095909729496353,555
502,0.5969331798013534,0.7609210739808588,1201
503,-0.46361945702397506,0.18785166633480802,84
504,1.0942617407730812,-0.44818009832709915,1383
505,-0.6566658445354523,-0.9562661989673789,13
506,-0.3530323211982026,0.4520848298357563,295
507,-0.6214229061024983,-1.5129881875519964,49
508,0.2500557723408881,-0.22104661225859343,740
509,0.5125127062422049,0.6971074250883621,469
510,6.78919032823728,-1.638500207067075,5065
511,0.007038580807199963,-0.5309653763091936,387
512,-0.6667220247828475,-1.280587953830507,3
513,0.034806639745176636,-0.2186121091182101,445
514,-0.20389072843259615,-0.9813862084162259,127
515,-0.4373277873155053,0.3600824829081983,189
516,4.113394074548278,-0.5231413665789413,4487
517,1.1488288436759517,2.64198117795744,1141
518,-0.3874792040995344,3.8726385918711226,0
519,-0.3874792040995344,3.8726385918711226,0
520,-0.6615863065408094,-0.38791492725649557,0
521,-0.662149932961008,-1.4081010434120973,5
522,-0.6603141349184303,-0.9562249362022873,8
523,-0.6558370093278554,-0.1908017673854137,5
524,-0.6303834446310925,-0.3417899654974427,38
525,-0.49893409422117635,-0.19624965978512787,127
526,-0.5580704516213113,-1.2040051452995628,28
527,-0.6489147176235238,-1.3274713005951073,27
528,1.0025189664842975,-0.5746038509102809,1253
529,-0.35747416514981795,0.09369540306948705,239
530,-0.6226621600153165,-0.06301006690063715,20
531,-0.5697953956350368,-0.3461485208987481,28
532,-0.6699868344449857,-1.5244111568528056,1
533,2.297846722695792,1.310029752367958,1813
534,-0.5594077471788027,-0.39274387817984086,47
535,-0.15826364095913495,-1.2368250152303188,181
536,1.6699489906832885,1.9199326355422313,960
537,2.527128625760564,0.45745154811294264,2301
538,-0.026484638688856407,-0.2179188946646772,361
539,-0.5257879601832754,1.597329472122231,5
540,-0.6499117773152793,-0.3880469681047873,16
541,1.5163818975227081,0.33575839465624585,1950
542,-0.5393888680271245,0.6691328734318478,7
543,0.09080316711222816,-0.7875410595403706,528
544,-0.4288757091368057,0.7656099595553311,211
545,0.0436505040641353,-0.41589032004965676,460
546,3.140654486924597,0.6962851312860484,3030
547,2.272466747297498,-0.5023201753138992,1964
548,2.783528431723171,1.4404425509266574,2638
549,-0.6163451418624815,-0.8630609551985905,24
550,-0.6516349956679037,0.20350707788693223,5
551,-0.6574834700118588,-0.7590787661191325,9
552,-0.3259171626682005,-0.3953846951456804,367
553,-0.5686655224201597,1.341276525502769,2
554,-0.05284143233243833,-0.1471984530641379,283
555,-0.653182279220906,0.40070276328819665,0
556,-0.6341232018296086,0.20330901661449424,29
557,-0.6217190145274829,0.20316872321318402,46
558,-0.6719358072814717,-1.3502457919911264,3
559,-0.09433584098079646,-0.9129084853372161,270
560,-0.5015868844010456,0.6171430908680184,40
561,-0.5273027918085951,-0.3931069905126439,91
562,3.0516536057018233,-0.31395472164216087,3029
563,3.490002174936175,0.07544385458432645,3624
564,1.9433138660386717,1.812618390942835,1328
565,1.4628270368536864,-0.6495268178965425,1891
566,-0.6635078791554364,-1.3273062495347423,7
567,-0.658579706834616,-0.5851271177637964,7
568,-0.6579380161578313,-0.38795619002158677,5
569,0.18310316409371222,-0.6146457379713702,654
570,-0.6667143111700994,-1.2107079766361002,0
571,-0.5712539931056685,0.6335765672585739,19
572,-0.4098278414766982,-0.39443565154858184,252
573,-0.6543671949274835,-1.2344538896463046,10
574,-0.4515830769110812,0.9630449689941246,177
575,-0.5522983109436587,-0.961119907549779,63
576,-0.6654217414545996,-0.9561671683311598,1
577,-0.6551185609824499,-1.1534618843686428,18
578,-0.6443384149019474,0.20342455235674964,15
579,-0.17178577306238835,-0.9817493207490291,171
580,-0.5909659709049407,-0.3288524782401441,4
581,-0.45890207713941783,-0.9621762343361149,191
582,-0.011891477156943827,-0.21808394572504222,381
583,-0.6154857528747226,1.2587059577439057,33
584,0.8356876697276041,-0.8163730181031671,1032
585,-0.4235193335504385,1.4387729764016473,184
586,-0.5766521394019377,-1.3319618968447045,33
587,-0.45084755548936006,0.14052380773452494,141
588,-0.6472570472083299,0.20345756256882272,11
589,-0.6608566484642137,-0.3879231798095137,1
590,-0.3379435614929749,0.3934640668835223,339
591,0.011373113310032231,-0.3690473861780165,411
592,-0.6472570472083299,0.20345756256882272,11
593,0.976599645910372,-1.0151449411309166,1228
594,-0.3486430700506962,0.6865411480862039,173
595,-0.5797502059236694,-0.5896919869905578,22
596,0.1742592997747535,-0.4173675270399233,639
597,-0.652457785772454,1.0158639604173154,0
598,-0.46636338297380614,0.39491651621473406,163
599,-0.6520127841452552,-0.5852013907409606,16
600,0.170450588179822,1.8699468724176271,486
601,-0.5620951003150719,0.9933237134739867,12
602,-0.6559361864588563,-0.9562744515203969,14
603,-0.3348016985760688,2.64689975328522,147
604,0.5258135476620143,-0.40653968467994245,583
605,1.0846955976474137,2.2110223887592606,1184
606,-0.5866732091120107,-1.4593099353659296,15
607,-0.6214481134965959,-1.0841258957757354,57
608,2.847399335040922,0.7101630606321451,2679
609,0.430304634119884,2.2522141558680784,716
610,0.028308340406655048,-0.8093676333665937,410
611,0.5010497245008325,-0.4414707727232631,570
612,-0.6593973323110225,-0.38793968491555014,3
613,-0.6121284190556129,0.1460212154523486,13
614,-0.654198258959315,-0.9330551721335237,14
615,-0.6577368739641114,-1.2111768423883036,3
616,0.029412711547193868,-1.5523205292218205,453
617,0.7901737570480514,-1.1869756833605627,973
618,-0.6729398625073966,-0.9557148076849926,0
619,-0.5506929022869979,-0.7055097730217369,39
620,-0.6608566484642137,-0.3879231798095137,1
621,-0.49372731055400587,0.5691652564787274,125
622,0.0896189628896601,-0.41641023088980644,523
623,-0.5260279615765764,1.4231888649196063,0
624,-0.6505534679920637,-0.585217895846997,18
625,-0.3094868965057452,0.3931422173158107,378
626,-0.5493796786372761,-0.9611529177618517,67
627,-0.5036503386194056,1.0805340714891403,59
628,1.2087820221117411,2.174407779900217,1375
629,0.7338986183346501,-0.6412825174313124,892
630,2.7486583593838225,-0.8788234159793442,2620
631,0.3245688635534536,-0.4190675529616826,845
632,-0.6190549216596809,-0.3757181938714052,5
633,-0.6516349956679037,0.20350707788693223,5
634,-0.6242778925202359,-0.3055749848525459,0
635,-0.6642544392067106,-1.2573769269966522,4
636,-0.6520127841452552,-0.5852013907409606,16
637,0.5140843927485528,-1.2070920028125747,597
638,-0.6443384149019474,0.20342455235674964,15
639,-0.6699868344449857,-1.5244111568528056,1
640,-0.6319984656520026,1.4219325981357134,3
641,-0.6183059195341134,0.017924170505896658,35
642,0.11754011316256023,-0.5441874021679808,557
643,-0.6428678890175662,1.166059911680924,5
644,-0.6158815788130807,0.4131627284977393,3
645,-0.6303810807016936,-0.8164243351524062,0
646,0.15428341977604806,-0.7882590316529585,615
647,-0.2720611782337061,1.8102939998987853,284
648,-0.6124697904076765,-0.10889768052159465,4
649,-0.521626752848535,0.6159586750322581,82
650,-0.03947239156410826,0.0378562909237298,317
651,1.2376310249832154,0.12486301390470514,500
652,-0.653017554152474,-0.95630746173247,18
653,-0.516835015590091,2.7913599534439317,11
654,3.544381659913057,0.16778455618563326,3689
655,-0.6563620257950047,-1.3618927062507307,3
656,-0.6550193838514486,-0.38798920023365974,9
657,0.30586793871936446,-0.6132024843166906,303
658,-0.5186236525580682,0.7666250235765756,88
659,0.0233990881324879,0.7216355027745001,385
660,-0.6498238099154684,-0.5852261484000154,19
661,-0.6579380161578313,-0.38795619002158677,5
662,-0.5572187729490158,-0.39276863583889565,50
663,-0.23387018920053584,2.48308565185928,302
664,-0.09385301202731822,-0.18124024128092184,213
665,1.646156215379013,0.09629805606144097,1097
666,-0.5351430216066628,0.048521460806966794,35
667,-0.6567769979601016,0.7722281847138002,1
668,-0.4512056122807559,1.8765601592083039,4
669,-0.6465273891317344,0.2034493100158044,12
670,-0.6303827459141104,-0.5491334245218868,0
671,-0.624488054914669,0.11094983400771746,17
672,-0.5577960990545962,1.5971492119575579,0
673,-0.44812193105891523,0.39471020238927784,188
674,-0.1451157130985594,2.345470350415083,299
675,-0.6261492247455895,-1.0721004901045943,32
676,-0.6691931097747117,-0.9559204416127438,1
677,-0.5148838953595521,0.2215260414646386,97
678,0.630928862134855,-0.4429397271605113,748
679,-0.6190549216596809,-0.3757181938714052,5
680,-0.6113429998047576,1.0734531524836,23
681,-0.5834976734376486,-1.3551234083604498,26
682,1.1861106910243198,-0.25204073971217084,1506
683,-0.6489147176235238,-1.3274713005951073,27
684,-0.6574834700118588,-0.7590787661191325,9
685,-0.1344740340250099,-0.21669751681797636,213
686,0.3744007482291034,0.46486906770038944,373
687,0.39793000616186,2.9384816869314916,584
688,0.9830898109311118,0.14461183061735777,1222
689,-0.6642544392067106,-1.2573769269966522,4
690,-0.15551849470402931,3.6568240332993027,237
691,-0.3377757610111346,0.5681069537929577,304
692,1.5109009341073332,0.9104850277037728,863
693,-0.6475251603074996,-0.8634138390789413,16
694,-0.6500989218460914,-0.956340471944543,22
695,0.2024520625625499,0.17384816427804808,669
696,-0.6288807125211597,-0.503773976052766,22
697,-0.539894123641533,-0.9612602009510891,80
698,-0.6653541754451942,-0.7355467395896974,1
699,-0.4879012556724309,-0.3935526283756294,145
700,-0.5706165205271705,0.19891745100111596,23
701,-0.4512056122807559,1.8765601592083039,4
702,-0.5636977282385657,-0.5898735431569594,44
703,0.4080312791739429,0.3482940226909655,431
704,-0.6566406371413547,-1.38512849074364,5
705,-0.6653337740547887,-1.1533463486263875,4
706,0.5747598993839083,0.17246904480048666,660
707,-0.6305446702837977,0.6673417204716056,21
708,1.6275127753373346,-0.5697003984938881,2091
709,-0.4868322025361866,2.4670865878716106,16
710,-0.18508434350954175,0.3754094502259659,135
711,-0.397140444291503,3.4181629852478173,76
712,-0.6509053375913081,0.20349882533391406,6
713,-0.48840119406756,2.7452660259975175,20
714,-0.527112147862056,-0.17269202572450673,86
715,-0.6516349956679037,0.20350707788693223,5
716,0.04436975685029283,-0.10040898630947499,342
717,0.47708262327843853,0.6855359098332245,439
718,-0.5364147692267229,-1.262700181228961,81
719,-0.4805775275852967,0.5823998356446832,55
720,-0.5171643364048771,0.7666085184705393,90
721,2.242025044034891,5.666903233421514,1342
722,-0.12955357201965273,-0.7850487885288595,226
723,0.02905734253222274,-0.41572526898929185,440
724,0.796374100991251,-1.0131065605354097,981
725,-0.6516349956679037,0.20350707788693223,5
726,-0.5447378279782691,-1.5527399739656444,82
727,-0.48863091374902645,-0.3935443758226111,144
728,-0.5375180048809338,-0.39299145477038844,77
729,-0.5680868864293291,-1.5524758922690605,50
730,-0.09014082615229854,0.17715743803836578,268
731,1.8970260748850298,0.3258500329643324,1417
732,-0.6683747695170106,-0.38747081916334664,0
733,-0.0604785800097064,0.8761066272155127,133
734,-0.6514590608682816,-0.1908512827035233,11
735,-0.028673612918643267,-0.21789413700562243,358
736,-0.6417975710729161,-0.585316926483216,30
737,2.7520427475673683,-0.2873271378587521,2616
738,0.09182264626636404,0.19833833682973154,515
739,-0.6717247619445275,-1.5476304362396787,1
740,2.48909843837778,0.655059861165119,2246
741,0.854027163287168,-0.1778624783969853,1009
742,0.5404512606369967,-0.4419164105862486,624
743,0.9862835551681176,0.5156931439498124,1223
744,-0.5261580383451638,2.1191514069761674,3
745,0.5995535648412427,-0.4425848673807267,705
746,-0.5625120467777867,1.0289150925046489,0
747,-0.5618606236080228,0.198818420364897,35
748,-0.654476870305665,-0.9562909566264334,16
749,-0.633900351657518,-0.7008953884768658,18
750,-0.11468529855711677,-0.41409951604469675,243
751,-0.6417975710729161,-0.585316926483216,30
752,-0.6646245173685987,-0.7355549921427159,2
753,1.8347265270280508,0.3033157154779739,1334
754,-0.5337782476824178,-0.9380904368823255,86
755,-0.0684382283852418,-0.3913836423919369,304
756,-0.07182261656878673,-0.982879920512529,308
757,0.6416098310843562,0.14847402542989818,754
758,-0.582953959202667,7.556067714293286,4
759,-0.6625031091482172,-0.9562001785432328,5
760,-0.6495199911750205,-0.990852655683367,9
761,-0.6600390229878071,-0.5851106126577599,5
762,-0.5022813537954242,1.752331116333295,96
763,-0.4172617053096676,4.797932322585767,63
764,-0.6363086766436686,-0.1445447647780691,27
765,-0.5219657602711999,-0.11359459059664816,35
766,-0.505846728484415,2.629268659699372,8
767,1.2017288987948427,2.223806770005204,461
768,-0.5674339860213546,-0.39265310009664023,36
769,-0.6699868344449857,-1.5244111568528056,1
770,-0.6522626886817809,-1.3851780060617496,11
771,1.5405597911813644,1.1009587445416265,1974
772,-0.5148838953595521,0.2215260414646386,97
773,-0.3989597279963847,0.7652716048815829,252
774,-0.6504322063088803,1.213023317587857,0
775,-0.3110453897899376,-0.3723139617131359,385
776,0.05377774973666306,-0.21882667549668455,471
777,-0.620802211920075,0.7714539744999215,41
778,0.5744812880375582,0.149233260307577,662
779,-0.27525648195935926,3.1919885069447056,190
780,-0.6720237746812827,-1.153066611695898,0
781,-0.6729398625073966,-0.9557148076849926,0
782,-0.5624143468849964,-0.19553168767254023,40
783,-0.5107957679775188,-0.7644111227765914,117
784,0.5419105767901877,-0.44193291569228504,626
785,-0.5384348074883418,-0.9612767060571258,82
786,2.1403986354336895,-0.5008264632175966,1783
787,-0.5676978882207878,0.19888444078904305,27
788,-0.66389835870773,-0.38768470564411595,2
789,-0.649899257698839,-0.3292296736499521,2
790,7.096845633776931,-1.39832378260671,5479
791,-0.6491709095074935,0.5745966437724053,5
792,-0.39321076182900694,2.1137703848727303,87
793,1.1932348364063807,-0.20564344370351614,1511
794,0.04578565704674265,0.061542014033775155,362
795,-0.36164520102728864,-0.8238426118240476,310
796,0.7617019589115863,0.07810449181027544,891
797,-0.5766521394019377,-1.3319618968447045,33
798,-0.3818567004179216,0.4995942446024411,216
799,-0.6486396056929002,-0.9563569770505793,24
800,0.739559948147793,-0.24699017726500264,894
801,-0.584450873561632,0.7270611424566488,1
802,-0.6554816403128841,-1.327397027617943,18
803,-0.5532848723882337,-1.0653311922143136,55
804,-0.642879098748756,0.20340804725071315,17
805,-0.6562239894644223,0.40094123745359417,1
806,-0.46575153459317414,1.2420724441814774,129
807,-0.5540327390274734,-1.3322177259882702,64
808,-0.640305337210164,0.29633468011631503,11
809,-0.509894515323115,1.9215852065612133,23
810,0.6920612788455817,0.09086437470004072,777
811,0.975327474287993,-0.44683493218512504,1220
812,1.0234081496746836,0.7124514440411093,1271
813,-0.6205346392032778,0.04209792027132113,0
814,-0.6400379355950041,-0.6430813998209862,21
815,-0.4422079087775291,-0.7651868627603066,211
816,-0.6517229630677148,0.40068625818216,2
817,-0.6158815788130807,0.4131627284977393,3
818,-0.6584002726192666,-1.3273640174058698,14
819,2.268088798837925,-0.5022706599957901,1958
820,-0.4742962150737401,1.2548468562778459,64
821,-0.5007177086501154,-0.3110130949294051,67
822,-0.47840099152977067,0.2211134138137263,147
823,-0.4473922729823197,0.3947019498362597,189
824,0.796374100991251,-1.0131065605354097,981
825,-0.6499997447150903,-0.19086778780955976,13
826,0.006783617366300667,0.7697123678000101,288
827,-0.5135718071961585,-0.16087293387882165,86
828,0.046381991839705594,-0.9842168341014854,470
829,0.40140509589459566,-0.23119335486452192,412
830,-0.6526075594495712,-1.2922183629840747,1
831,-0.5040537512946234,1.5736406470854492,32
832,-0.6305446702837977,0.6673417204716056,21
833,1.504136792642298,-0.4936302369856837,911
834,-0.4612634867531,-0.9156716551382226,183
835,-0.5293123318230327,-1.1353191324956626,95
836,-0.4234092341699381,-0.7189216075999437,232
837,-0.407078145138484,-0.6958673792734356,252
838,-0.31806335920954376,-0.3489956516900438,373
839,0.006373622663397938,1.1056232690516148,305
840,0.8646500071330107,-0.0392545457358822,1044
841,-0.2913302436205148,1.3936221648540303,231
842,1.5278636395707097,0.29481414994562505,932
843,-0.4014799993333731,1.3462735003935602,189
844,-0.6550193838514486,-0.38798920023365974,9
845,-0.5200062110426387,-0.3931895160428265,101
846,-0.6190801290537787,0.05314409790485611,13
847,-0.03871289119136002,-0.6121369618538225,350
848,-0.049193141949460166,-0.14723971582922912,288
849,-0.1758323395958139,3.4112811245223615,321
850,-0.40546152675063313,0.5223946196848174,216
851,-0.2875048829515865,1.1259783721018286,281
852,0.12064825392915368,-0.45056127819526165,517
853,-0.2911462674598533,1.1584085876253378,394
854,-0.5075140563407018,-0.5905089897393644,121
855,0.06620908435996647,0.7570680206525002,388
856,-0.6531167312834752,-1.721780145867453,27
857,0.02695983511797363,-0.9607582306770829,441
858,-0.32153921420862663,-0.39543421046378996,373
859,-0.09873199800301395,-1.1797537563460814,274
860,-0.5103745635434258,-0.1376701595979851,88
861,-0.6596724442416457,-0.7590540084600779,6
862,-0.6231851551132062,-0.13164809415626427,1
863,-0.5731615752559378,-0.6707500126923653,22
864,-0.6720237746812827,-1.153066611695898,0
865,-0.5662775955271299,-0.037924915446760285,0
866,-0.6523646537444995,0.20351533043995043,4
867,-0.6274659478110381,-0.4685788063128612,3
868,-0.48642723037232266,0.22120419189692694,136
869,3.137133276041693,-0.5930832033651676,3140
870,-0.532032609867413,0.3956592459863764,73
871,-0.5559260288345942,-1.1688182281126762,10
872,-0.6677098928153876,-1.7216150948070876,7
873,0.8441886032058522,0.4842056953698176,945
874,-0.5730736078561267,-0.867929192987593,25
875,6.804612324976789,-0.8732008265454744,5077
876,-0.6274624483953113,-0.8164573453644792,4
877,-0.18008712383556386,-1.3527728662103558,163
878,1.4115824159622568,2.207325245007085,1632
879,0.004849606577413103,-0.5309406186501389,384
880,-0.500084662051624,2.0362578636222897,94
881,-0.6579380161578313,-0.38795619002158677,5
882,-0.6751295515184779,-1.721327105323581,2
883,0.37024872535502856,1.0923672898572407,303
884,-0.6385138413641246,1.9316885444511225,7
885,-0.33840931737013724,-0.19806522144914257,347
886,-0.4983175179817469,-0.29836247112831127,17
887,-0.6581251606886435,-0.9562496938613422,11
888,0.3625390744727612,-0.1032923952910741,363
889,-0.6341232018296086,0.20330901661449424,29
890,-0.5239071938938599,1.161041152038159,75
891,-0.00733759389774795,-0.6124918216336073,393
892,1.1445380581754365,1.16671006225691,1269
893,7.522468792846819,0.4080882587008764,5946
894,-0.6550193838514486,-0.38798920023365974,9
895,0.35219947687532355,-0.43978725190754037,366
896,-0.6543009355060431,-1.350649317216889,22
897,-0.4937648631656216,-0.09138014677856743,106
898,-0.14142687950950386,-0.4363304649688142,174
899,-0.624488054914669,0.11094983400771746,17
900,-0.5787482166496177,1.1090012061038554,12
901,-0.5010238913199621,0.5692477820089099,115
902,0.28299306233441957,0.1961761679389504,777
903,-0.3532775908326733,-0.5690144939333053,330
904,-0.6627979076879518,-0.14387783775342747,0
905,-0.6375075900131535,-0.3881872615060977,33
906,-0.5474546066069225,-0.36964013453522343,61
907,-0.04038919417151615,-0.5304289603630074,322
908,-0.5891483032801126,0.7943348992130463,82
909,-0.46069239571957005,2.47805764265585,68
910,-0.12209185032074145,1.6804309086064277,520
911,0.02887019800141043,-0.9840187728290473,446
912,-0.5790790897545008,-0.18955330702494208,6
913,-0.45055300655302216,0.1771427173477186,51
914,-0.6457977310551388,0.2034410574627861,13
915,-0.5680868864293291,-1.5524758922690605,50
916,-0.5194610388872157,1.423114591942442,9
917,-0.6658192165410626,-0.5614389726247196,4
918,-0.5134509220867867,0.5236159975315183,68
919,-0.2236682541692992,0.17866765524070533,85
920,0.5626963719498369,-1.578759247409325,667
921,-0.04544874984888895,-0.9134614063894388,337
922,3.544381659913057,0.16778455618563326,3689
923,-0.6364001434592065,0.40051295456877695,23
924,-0.6622244978018671,-0.932964394050323,3
925,-0.6428678890175662,1.166059911680924,5
926,-0.5143126750039444,-1.1235165457560146,97
927,-0.6239959561570808,0.4003726611674666,40
928,-0.6611247615633831,-1.4547945814572774,6
929,-0.6449913153099222,-0.9563982398156708,29
930,0.733810650934839,-0.44410333713608435,889
931,-0.6514590608682816,-0.1908512827035233,11
932,-0.6463402446009221,0.7717428138555602,6
933,-0.6635078791554364,-1.3273062495347423,7
934,-0.6625910765480284,-0.759020998248005,2
935,-0.41072255566730204,2.113968446145168,63
936,-0.028673612918643267,-0.21789413700562243,358
937,-0.5687751977983415,1.61943945852264,8
938,-0.6719358072814717,-1.3502457919911264,3
939,-0.5602253726552093,-0.195556445331595,43
940,-0.54698885072976,0.22188915379744156,53
941,-0.6282859372168437,0.20324299619034825,37
942,-0.6472570472083299,0.20345756256882272,11
943,0.7693833269863478,0.17097335680474943,892
944,-0.44956530962211905,0.40810983261559874,98
945,-0.633618240895441,-1.0255381430355746,17
946,-0.6586845762091057,-0.31802686748349673,2
947,-0.6240927693586833,-0.8397343926224802,11
948,0.9844868404737657,2.3424392848737643,912
949,-0.17330506942737156,2.1345221509071473,386
950,-0.6625910765480284,-0.759020998248005,2
951,1.1782956686203494,-0.2392745801688214,1442
952,7.526068227930248,-0.4870042408900672,6060
953,-0.6514829616744141,0.5748268653847848,7
954,0.6350429083949954,0.14854829840706232,745
955,-0.5851294249747351,-1.3086270817155758,19
956,-0.5417227992740528,0.5402868220601694,69
957,8.453276498752484,-1.0657867396160166,7337
958,-0.08577408742391486,-0.7855439417099546,286
959,-0.6601438923622968,-0.3180103623774603,0
960,-0.5251994210492202,-0.6705869375314342,53
961,-0.46473740182510276,0.4427870674147876,91
962,4.22503176026741,-0.5244040071907332,4640
963,-0.4377001364500497,0.628392756555444,109
964,-0.6260101310735736,-0.12071677236727955,4
965,1.0498405655005587,-0.644855872888214,1325
966,-0.5073943067176581,-0.032775888932369796,64
967,-0.5617838659394018,-0.9610126243605416,50
968,-0.2875048829515865,1.1259783721018286,281
969,0.42134455876801324,-0.39409142290543664,456
970,-0.394166345491101,1.4863299305870072,150
971,-0.5873218986202488,-0.9607237850049031,15
972,-0.5868673524742765,-1.3318463611024491,19
973,0.48280827258594167,-0.44126445889780697,545
974,-0.4206599618340426,0.8591783156569224,178
975,-0.6394989214649474,-0.8635046171621418,27
976,-0.5662001263744993,0.8085315214128662,0
977,-0.4749510554087947,-1.3098732172213314,170
978,-0.503796431122875,0.8249074318550615,85
979,0.662622687315832,-0.23414776884505506,770
980,-0.538021018689471,1.214174087672657,5
981,-0.6405141897193473,-0.19097507099879693,26
982,-0.2771180389361042,-0.19875843590267547,431
983,-0.5620407693073814,-1.0652321615780946,43
984,-0.45737456163770607,0.32650911431402063,113
985,-0.6038502576045603,3.2890103905870482,2
986,-0.6717247619445275,-1.5476304362396787,1
987,-0.499663752297772,-0.19624140723210953,126
988,-0.5755908895378996,0.9462929467823604,33
989,-0.34031693588574174,2.5082340527529894,119
990,0.7245828037478269,0.9383649339941165,752
991,-0.649899257698839,-0.3292296736499521,2
992,-0.6084138692511942,0.029784525116672844,30
993,-0.5389773210341251,-0.3929749496643519,75
994,0.08434663128505863,0.9406577620019877,498
995,0.163038892692877,1.0911735886925427,573
996,1.2881692117011811,0.47146438313792866,603
997,-0.5903411822028349,-0.06176048051286262,0
998,-0.6615828071250823,-0.7357934663081137,1
999,-0.6396853545117505,0.5744893605831679,18
1000,0.04703489224768028,0.17560595807093507,456
1001,-0.5470035598766769,-0.3928841715811512,64
1002,-0.5432673020938878,-0.5901046146414703,72
1003,-0.6470811124087079,-0.1909007980216328,17
1004,-0.11752717319487817,-1.5738975505580626,254
1005,1.0446449915645781,-0.4476189247218583,1315
1006,-0.5470035598766769,-0.3928841715811512,64
1007,0.8623268660044342,-0.4251496845361318,1582
1008,0.139682835410363,1.7871947484923627,539
1009,1.716933048808789,0.09549755841867075,1194
1010,2.957259981160249,1.7779115577545592,2720
1011,0.89204727642509,-1.2113668252760275,1115
1012,0.39160101301148764,-0.4402328897705258,420
1013,0.0742961432811519,-0.41623692727642325,502
1014,-0.4790620262555272,-0.36970813085880344,120
1015,2.3598385719581625,-1.071603985515845,2090
1016,-0.6517453825300951,-1.5246174706782616,26
1017,1.7902507260675968,-0.6940444180640651,1306
1018,10.806632430374814,-0.7507132845105683,5355
1019,0.031169559093388675,0.744081018077092,428
1020,2.867790225083018,3.6816940572504344,2541
1021,0.015193839076905694,-0.41556847048194506,421
1022,0.18003924372461197,0.4079020833300354,545
1023,0.2513342269212311,-0.39216857805218475,223
1024,-0.5740009087107155,-0.392578827119476,27
1025,-0.5628513959523345,-1.563801806833085,41
1026,-0.5522499654046213,1.5150301125856673,24
1027,0.08154353770198361,-0.15998506951239186,451
1028,7.723629631888043,-0.09488232216755685,6325
1029,-0.562817759560214,0.2975748879237687,13
1030,-0.5510177103232569,0.7608090700375439,51
1031,-0.29762441830865105,2.239445131030685,257
1032,-0.5873218986202488,-0.9607237850049031,15
1033,-0.6274571020092468,0.9687074277723131,29
1034,-0.4802842070920297,1.2204089455161855,42
1035,-0.49129348349351726,2.4431925750366745,47
1036,0.11201281811705928,2.113558334833017,433
1037,1.771646194822272,-0.8677732474879082,1281
1038,-0.4484885098050766,0.568653598191596,187
1039,-0.6620485630022449,-1.3273227546407786,9
1040,0.7884184254266184,-0.1989482983509999,852
1041,-0.6482583177998219,-0.5155270474743047,14
1042,-0.532032609867413,0.3956592459863764,73
1043,-0.626376709819735,0.05322662343503859,3
1044,-0.6480746726847366,0.4006449954170689,7
1045,-0.6578500487580203,-0.5851353703168146,8
1046,-0.3735437159112376,-0.04626199648774091,266
1047,-0.5553711700712926,-0.6477122894718937,44
1048,-0.6514702705994717,-1.153503147133734,23
1049,-0.13155540171862737,-0.21673052703004936,217
1050,-0.6440857224337042,-1.3507648529591443,36
1051,-0.6180595144133145,1.1657793248783037,39
1052,-0.46306767367408147,-0.8226955069545112,171
1053,-0.6401991612477093,0.3660502861480622,4
1054,-0.6578612584892104,-1.5477872347470256,20
1055,-0.5637856956383765,-0.3926943628617314,41
1056,-0.011635709275292411,-0.24062023911083472,349
1057,-0.18976332277784586,-1.5730805478092562,155
1058,-0.37822661859758727,0.23265819551037498,231
1059,-0.547997120152706,0.19866162185755015,54
1060,-0.6382120406956514,-0.8170413007293409,24
1061,1.3880388337104976,-0.8226202007379813,1789
1062,-0.20422788888492346,0.4221038381432779,104
1063,-0.6582131280884544,-0.7590705135661144,8
1064,-0.035416470407626126,0.17653849656199722,343
1065,-0.39377536379159433,-0.3946172077149834,274
1066,-0.6717247619445275,-1.5476304362396787,1
1067,2.0358703859497016,-1.0679398519757428,1646
1068,-0.6543671949274835,-1.2344538896463046,10
1069,-0.41866049606446687,0.7654944238130759,225
1070,-0.06296754251863791,-0.2175062670137647,311
1071,-0.6653337740547887,-1.1533463486263875,4
1072,-0.653094311821095,0.2035235829929687,3
1073,-0.558841671485761,0.06443502635737305,77
1074,-0.5680868864293291,-1.5524758922690605,50
1075,2.273463806989254,-1.4417445078042197,1975
1076,0.6042245027485078,1.346760347292732,528
1077,-0.4954505289066304,1.1607193024704472,114
1078,-0.5017647591277478,-0.3933958298682826,126
1079,-0.6674347808847647,-1.3505007712625607,4
1080,-0.6375075900131535,-0.3881872615060977,33
1081,-0.6326638856764173,0.20329251150845773,31
1082,0.8860452867438929,0.14570942016878496,1089
1083,-0.6517229630677148,0.40068625818216,2
1084,-0.624069214409975,1.212325166841287,26
1085,-0.5698051751996579,1.677195679307392,18
1086,-0.6619423870397899,-1.2576071486090314,2
1087,-0.6620485630022449,-1.3273227546407786,9
1088,-0.29090747969777514,0.2675873076542618,295
1089,-0.66389835870773,-0.38768470564411595,2
1090,-0.6416584774009004,0.36606679125409863,2
1091,0.0061740399583248996,0.17606810103995704,400
1092,-0.5903397080576328,-1.7261634589278132,20
1093,-0.6584002726192666,-1.3273640174058698,14
1094,-0.6201715598728434,0.2160330635206211,0
1095,-0.6729363630916696,-1.303593346736611,1
1096,-0.5889770033825454,0.6210992470708633,48
1097,-0.5552169432500409,-0.9610868973377058,59
1098,-0.6340170258671537,0.2730246226462412,22
1099,-0.06261322417104853,3.4931007099565634,381
1100,-0.49721593477292564,1.3128506536531448,44
1101,1.5842470974775553,-0.36076617087768753,2045
1102,0.5112761473043614,0.5210655559646922,572
1103,-0.6566658445354523,-0.9562661989673789,13
1104,-0.6448041707791099,-0.38810473597591527,23
1105,-0.6187017454724715,-0.8276190587402695,5
1106,1.500877796728513,-1.0548747142767079,1898
1107,-0.6573955026120477,-0.9562579464143602,12
1108,-0.6495578896440602,1.1663396486114133,1
1109,-0.6260101310735736,-0.12071677236727955,4
1110,0.2317868420592435,-0.04548966786356659,645
1111,-0.5624143468849964,-0.19553168767254023,40
1112,-0.6595592694477372,-1.3850954805315672,1
1113,-0.46361945702397506,0.18785166633480802,84
1114,-0.5886871823050054,1.6069868959939841,34
1115,-0.49251789893734016,-0.23082786394809798,122
1116,1.5699908930940607,-0.1795911241242616,917
1117,-0.6627979076879518,-0.14387783775342747,0
1118,-0.6439865453027032,-0.5852921688241612,27
1119,-0.571434146003577,0.396104883849362,19
1120,-0.6668064927669316,-1.431287312586897,1
1121,-0.5772805950770077,0.7500434792066297,4
1122,-0.6397845316427515,-0.19098332355181522,27
1123,-0.533048589605822,-0.9380986894353436,87
1124,-0.5205200177785975,-0.6016285904779322,87
1125,-0.5191014589725084,1.9449282742433605,8
1126,0.9673012354454412,-0.4467441541019241,1209
1127,-0.6271784435912546,-0.004133388058955627,0
1128,-0.4975817948365272,2.466502632506749,36
1129,-0.38144793415808953,0.7650735436091449,276
1130,1.0045137973518181,-0.4471650343058546,1260
1131,-0.6600502327189972,-1.5477624770879708,17
1132,-0.5384065246808358,0.14151411409671477,21
1133,-0.6098626871572048,-1.0138345869321448,31
1134,-0.6709951038679316,-1.5476386887926967,2
1135,-0.5682516114977614,-0.1954656672483942,32
1136,-0.6440857224337042,-1.3507648529591443,36
1137,2.988903011114598,-0.313245002082592,2943
1138,-0.5222987026252409,1.9217254999625233,6
1139,-0.4434912901310985,-1.1595287182447254,215
1140,-0.5234936997752302,0.4772517117349361,59
1141,-0.658766851365428,-1.1534206216035516,13
1142,-0.6570289238658867,-1.1302013422166786,13
1143,-0.527390759208406,-0.1959278102174162,88
1144,-0.588812702316432,1.1436206730319167,12
1145,-0.5073943067176581,-0.032775888932369796,64
1146,-0.5113347821075752,-0.5439879054354356,111
1147,-0.6214229061024983,-1.5129881875519964,49
1148,-0.653182279220906,0.40070276328819665,0
1149,2.136253991829501,2.58858778254115,1530
1150,3.3102381749944803,-0.9893974190209477,3383
1151,-0.22248240563913815,3.028719074017969,279
1152,3.4092484921938198,1.0650702589799963,3360
1153,1.2386460725392052,-0.25263492352948447,1578
1154,-0.6625270099543495,-0.19052203045492472,1
1155,-0.6333020769374751,-0.3417569552853698,34
1156,-0.668737848847445,-0.5614059624126468,0
1157,-0.6385123600203725,-0.7592933324976072,35
1158,-0.6370758873318803,-0.8050819154823458,7
1159,-0.5156247631673379,-0.7411175704125539,108
1160,-0.6487240736769846,-1.1070563358069696,22
1161,-0.4470516131142656,-1.3566666357748622,213
1162,0.012872346004238127,-0.18315285768172146,394
1163,-0.1904929808544416,-1.573072295256238,154
1164,1.1148917496228319,0.48114399820004744,1316
1165,1.1642321584576407,0.7108587013085874,1464
1166,-0.29762441830865105,2.239445131030685,257
1167,0.09472656942582963,-0.41646799876093404,530
1168,11.832429009521544,-1.1799105191375907,6769
1169,0.12711401599654734,2.4161992360526856,388
1170,-0.49209782998957546,0.26915726862716305,54
1171,2.3657750137019287,-0.30619732180500736,2089
1172,-0.6267467879816231,0.5750485582889749,1
1173,-0.6533046423767455,1.1665452825391645,0
1174,-0.654286226359126,-0.735875991838296,11
1175,-0.520145728716973,0.5349584172015787,75
1176,-0.6414085728643749,1.166043406574888,7
1177,-0.5310905998659075,0.5350822054968523,60
1178,-0.5172744285868276,1.8977242039383506,50
1179,0.6350429083949954,0.14854829840706232,745
1180,0.27300377484757943,0.8237404105199474,699
1181,-0.5469085936454119,-1.2858204299796152,69
1182,-0.5048523274022987,-0.6947615371689904,118
1183,0.13093436132498792,-0.7879949499563744,583
1184,-0.09613231758631499,0.49059806632832414,245
1185,6.142801239773362,-1.828367625388135,4182
1186,-0.6661513995311954,-0.9561589157781414,0
1187,-0.05868877119006548,-0.9830284664668576,326
1188,6.955955365572535,-1.2805356123036038,5274
1189,-0.6289504713583269,-0.039700009430563225,9
1190,-0.6577473722112922,-0.1675412252334495,0
1191,-0.5668767633286542,-0.34618153111082106,32
1192,-0.6533046423767455,1.1665452825391645,0
1193,-0.5289492524925984,-0.961383989246363,95
1194,0.5554989683148815,-0.8132040377441596,648
1195,-0.5736420881599158,2.559274888894036,1
1196,3.8674993027355504,-0.5203602562117913,4150
1197,-0.6516349956679037,0.20350707788693223,5
1198,0.3342355008204548,-0.54310098419252,300
1199,-0.6523541554973187,-0.8401202867149038,7
1200,-0.3686776284774571,6.481147359540308,9
1201,-0.6574834700118588,-0.7590787661191325,9
1202,-0.6482548183840952,-0.8634055865259228,15
1203,1.8138818952807338,-1.0189512543193575,1337
1204,-0.6625031091482172,-0.9562001785432328,5
1205,0.6384928445159712,-1.3824383326279952,768
1206,-0.6410679129963206,-0.5853251790362343,31
1207,-0.6274571020092468,0.9687074277723131,29
1208,2.273463806989254,-1.4417445078042197,1975
1209,-0.6342557206724893,0.4356998717556632,5
1210,-0.668649881447634,-0.7585851427078745,3
1211,1.7292268492487237,-1.6327672835478333,1232
1212,-0.6627782210788407,-1.3273145020877601,8
1213,-0.6143461000952244,0.9227868039392828,17
1214,-0.5349512421737955,0.3956922561984495,69
1215,5.4428590912603045,6.025057643920911,5723
1216,0.1994079596375981,4.019573673353251,288
1217,0.13874361334057497,-0.7063942316547964,568
1218,0.4342032922161112,-0.7653542924042926,477
1219,-0.41374003405910953,0.19714315210219258,238
1220,-0.659584476841835,-0.9562331887553057,9
1221,-0.5396190117109095,-0.5901458774065614,77
1222,-0.16310663381186177,0.1779826933401907,168
1223,-0.6567321039568924,-0.8400707713967942,1
1224,0.37390207464238023,-1.0083283323378431,402
1225,-0.5172720646574286,1.4230898342833875,12
1226,-0.04564289321115497,-0.7859978321259582,341
1227,-0.6122334595317397,0.20306144002394685,59
1228,-0.073648935470458,1.0706116313775456,251
1229,-0.6554816403128841,-1.327397027617943,18
1230,-0.503744586168111,2.953178912938889,47
1231,-0.46219192309401663,-0.5670771198734509,146
1232,-0.6286238091531803,-0.39955443883521297,29
1233,0.35751045740346377,0.9284181389076542,752
1234,-0.644450283107891,1.166281880740285,8
1235,0.15364172909926344,-0.985429959395168,617
1236,0.999406190815649,-0.44710726643472676,1253
1237,1.4975698699529376,-0.4935559640085193,902
1238,-0.6329947587813004,-1.0952620016203396,25
1239,-0.6668064927669316,-1.431287312586897,1
1240,-0.5677020991205243,-1.4595245017444043,41
1241,-0.4414627371132648,1.1277196607886788,70
1242,-0.6577473722112922,-0.1675412252334495,0
1243,-0.003311515037418321,0.17617538422919424,387
1244,-0.4526870240493014,-0.173533786132368,188
1245,-0.6665144788616296,-1.1300940590274415,0
1246,-0.65795491813251,-0.3180351200365149,3
1247,1.1488288436759517,2.64198117795744,1141
1248,-0.5741880532415274,-0.9608723309592313,33
1249,-0.47942047068390653,-0.7647659825563761,160
1250,-0.35655159215402693,0.5676137765112967,313
1251,-0.6668064927669316,-1.431287312586897,1
1252,-0.5078659259399461,0.1982077314415465,109
1253,-0.5552169432500409,-0.9610868973377058,59
1254,-0.6563907326048288,-0.585151875422851,10
1255,-0.5040417007573457,-0.19619189191400002,120
1256,-0.6429670661485672,0.40058722754594117,14
1257,-0.5233770255655947,-0.4966682993881709,55
1258,-0.643396404900442,0.34284751186722556,2
1259,-0.16045447029705512,2.332260528908182,366
1260,-0.5807647554955094,1.0625461422240727,14
1261,-0.6563907326048288,-0.585151875422851,10
1262,-0.6618726282026227,-1.721681115231234,15
1263,-0.6641495698322207,-1.5244771772769516,9
1264,0.4352080622233303,-0.39424822141278343,475
1265,-0.6187017454724715,-0.8276190587402695,5
1266,-0.6600502327189972,-1.5477624770879708,17
1267,-0.6586676742344267,-0.3879479374685684,4
1268,-0.41685971560246937,0.2922507838193284,120
1269,-0.3377757610111346,0.5681069537929577,304
1270,-0.5662775955271299,-0.037924915446760285,0
1271,0.6416098310843562,0.14847402542989818,754
1272,0.1719099043330133,1.869930367311591,488
1273,-0.6567321039568924,-0.8400707713967942,1
1274,-0.6090509250259238,-0.38850911107380937,72
1275,-0.3505356483738076,2.856228127546863,104
1276,-0.4895574101628629,1.3599474407689167,15
1277,0.9334537176736367,-0.24847761270772148,1125
1278,0.8072422144715645,0.14660069589475566,981
1279,-0.4414499678934279,0.3375957048405153,151
1280,1.7344648633951416,1.3339771426674651,2077
1281,-0.6506414353918749,-0.3880387155517692,15
1282,-0.5179207541656671,1.921675984644414,12
1283,-0.6487402641676536,0.969152215763167,5
1284,-0.6370306244048011,1.165993891256778,13
1285,-0.16886714075600565,-0.9817823309611019,175
1286,-0.5030524807031309,2.292625257128577,29
1287,-0.6237976018950786,1.9313180294374326,22
1288,-0.6180595144133145,1.1657793248783037,39
1289,-0.642861601670122,-1.535984648007377,22
1290,1.6998095416950263,-0.15923152883585254,1162
1291,-0.39166314723042833,0.7651890793514003,262
1292,-0.6520233626480736,-0.5031285736557423,0
1293,-0.6629576552941896,-0.5850776024456869,1
1294,-0.10765261999059368,0.17735549931080372,244
1295,-0.6618726282026227,-1.721681115231234,15
1296,2.926782897472968,-1.078016219211024,2867
1297,-0.6583855634723498,-0.712590692027277,3
1298,-0.6564752005889131,-0.7358512341792413,8
1299,-0.4665742117754045,2.513335337925937,39
1300,-0.5613689416542034,1.3411939999725864,12
1301,-0.6399591598544085,0.5401908933506867,9
1302,-0.4421966990463392,0.19746500166990408,199
1303,-0.30767571075330963,-0.3955910089711367,392
1304,-0.6302121447335253,-0.5150256176396254,4
1305,-0.6675227482845757,-1.1533215909673324,1
1306,0.6763420381947591,0.9149660743402761,723
1307,-0.6503867248516573,0.40087521702944845,9
1308,-0.11518789556188556,0.3401132739504083,217
1309,-0.661709384477943,-0.3877094633031707,5
1310,0.48609348363848537,-0.6152408649121981,550
1311,-0.6254482734788184,-0.29536791182973304,40
1312,-0.6189816634067868,-1.1876706995452257,19
1313,-0.4640864413442082,0.19771257826045166,169
1314,-0.4314719265031136,2.758005451982379,10
1315,0.2593492560325929,-1.3549112205655964,246
1316,-0.5426109022701862,0.22183963847933202,59
1317,-0.6509863061596655,-0.2950790724740944,5
1318,-0.5337782476824178,-0.9380904368823255,86
1319,-0.5476526661886839,0.9586547312278159,18
1320,-0.6763242506909417,-1.5472110858055845,4
1321,-0.4825882960428053,0.44157789391997304,136
1322,-0.6669802347387926,-1.7216233473601064,8
1323,-0.44403380367688183,-0.591226961851952,208
1324,-0.4937648631656216,-0.09138014677856743,106
1325,-0.49893409422117635,-0.19624965978512787,127
1326,-0.5003054429745566,-0.3934123349743191,128
1327,-0.1995626859399524,2.97071527664267,299
1328,-0.31330062344116494,-0.2560937764834967,370
1329,0.308594367590561,0.9191253610614737,219
1330,-0.6117564939233872,1.757242592786823,39
1331,-0.6652697074611101,-0.5848473808333072,3
1332,0.7019843069109815,-0.4205044403103717,843
1333,-0.5472674620761102,0.19865336930453192,55
1334,-0.23848333304971836,2.297931877235193,280
1335,-0.6566406371413547,-1.38512849074364,5
1336,-0.6550193838514486,-0.38798920023365974,9
1337,-0.5310828823518944,0.8190337104449018,55
1338,-0.6555513991500515,-0.8633230609957403,5
1339,-0.5804756459019785,0.04214630956212822,15
1340,-0.596064731639319,1.1084915237161581,23
1341,-0.20807103411417704,-1.456678806413215,118
1342,-0.5560373494596154,0.5636876576134441,47
1343,-0.6245608891652445,-0.9566293113001817,57
1344,-0.16954680804672487,0.040032989021113415,104
1345,-0.6763242506909417,-1.5472110858055845,4
1346,-0.6684395508919836,-1.7216068422540698,6
1347,-0.636671755974103,-0.3184799080273689,27
1348,-0.6615863065408094,-0.38791492725649557,0
1349,-0.1102664513400874,5.295715489907485,79
1350,-0.3875603107014779,0.3940252404887633,271
1351,-0.6631413004092749,-1.5012496453370603,8
1352,-0.4255063611457537,1.8937185324173962,48
1353,1.1270963542198846,-0.4485514632129203,1428
1354,-0.5678983117319484,2.0018136762070458,22
1355,-0.5625120467777867,1.0289150925046489,0
1356,0.2464074819579099,-0.22100534949350215,735
1357,-0.06482791461619805,0.8275613425673967,236
1358,-0.18400281583370176,-0.41331552350796313,148
1359,0.23877496918269694,0.5811770223378755,625
1360,0.861966570216237,0.1459817544183871,1056
1361,-0.5257914595990025,1.9452080111738497,4
1362,-0.2679506313892921,2.7496605645179777,280
1363,-0.5627242713754165,0.8549700801866125,0
1364,-0.583860752768083,-1.52905855160975,26
1365,-0.6631687006311342,-0.38769295819713423,3
1366,-0.6442616572333263,-0.9564064923686889,30
1367,-0.5688933021745459,-0.39263659499060377,34
1368,-0.6730961106979075,-1.7447931114288702,2
1369,-0.6513710934684706,-0.3880304629987508,14
1370,0.3782144751645231,1.114105061499697,381
1371,-0.589610049981037,-1.7261717114808317,21
1372,-0.6625910765480284,-0.759020998248005,2
1373,-0.6648792279088165,-1.5244689247239334,8
1374,0.8658787627986485,-0.44559704923238747,1070
1375,0.4699827487185756,1.5982530520328995,976
1376,-0.5012222455819644,-0.9616975862610563,133
1377,0.37473120172114815,0.5437226289704045,867
1378,-0.33640748767116274,-0.7663834829479529,356
1379,-0.558034034496024,-0.6702155726456133,8
1380,2.1211748329739595,1.0535775084767718,1736
1381,-0.4540029426739981,1.7081293483827762,28
1382,-0.5219657602711999,-0.11359459059664816,35
1383,-0.55256334862942,-0.49633819726744094,15
1384,0.6689807574960096,-0.7215317929373313,794
1385,-0.5545752525732566,-0.7639159695954963,57
1386,1.2900934009419727,3.660780015333845,1334
1387,-0.6231851551132062,-0.13164809415626427,1
1388,-0.6277914745298566,0.01803145369513387,22
1389,-0.09152338463686865,-0.9826571015810363,281
1390,1.6997731245697383,-0.6930211014898026,1182
1391,-0.6477045945228485,-0.12117693943686739,9
1392,-0.4464754703749119,0.962987201122997,184
1393,-0.5753722574640956,-0.5897415023086674,28
1394,-0.47694517479230625,0.5689754477593078,148
1395,-0.6365438720332773,-0.32974805472026514,11
1396,0.12965097997141872,-1.1823368054407932,587
1397,-0.5273027918085951,-0.3931069905126439,91
1398,-0.4285164602676743,2.438809261976315,40
1399,-0.4907001383557695,0.16421348264343816,84
1400,0.12629487459537964,-0.671042263407545,530
1401,-0.6684395508919836,-1.7216068422540698,6
1402,0.802864266011991,0.14665021121286512,975
1403,-0.6625910765480284,-0.759020998248005,2
1404,-0.584787334940112,-0.07399960269034676,21
1405,-0.5676873899736071,-0.8447511763658112,30
1406,2.439491856370882,0.7633710377355721,2011
1407,-0.2734553704517855,1.5673592468308921,255
1408,-0.12598203930529558,0.3747409934314878,216
1409,3.914010275106858,-1.089181923444714,4220
1410,-0.6551073512512599,-0.19081001993843208,6
1411,-0.5310828823518944,0.8190337104449018,55
1412,0.03328106417054509,-0.10240017644158912,431
1413,-0.5653957391970923,-0.427181788941501,25
1414,-0.6607686810644027,-0.5851023601047415,4
1415,-0.26624992545579074,0.9609488205274894,431
1416,0.6538268738556697,-0.41995977181116745,777
1417,-0.6676451114404147,-0.38747907171636475,1
1418,0.9239204922575304,3.2923929860842067,905
1419,0.2941890664629503,0.39463879470615704,720
1420,0.12747321547282195,-0.2196601833515277,572
1421,0.0896189628896601,-0.41641023088980644,523
1422,0.2391109011919536,-0.22092282396331964,725
1423,-0.16310663381186177,0.1779826933401907,168
1424,2.425962344997741,-1.4434692913850327,2184
1425,-0.6551185609824499,-1.1534618843686428,18
1426,-0.2756877606383136,1.7293515099392331,270
1427,-0.5798381733234804,-0.39251280669533006,19
1428,-0.534042149881851,-0.34655289599664224,77
1429,-0.004506928991176376,-0.41534565155045244,394
1430,-0.653182279220906,0.40070276328819665,0
1431,1.9645510389741414,-0.49883759794019855,1542
1432,-0.5450098644954843,-0.39220118558007067,32
1433,-0.6586845762091057,-0.31802686748349673,2
1434,-0.6699868344449857,-1.5244111568528056,1
1435,-0.663331944355814,-1.7216646101251973,13
1436,-0.6593973323110225,-0.38793968491555014,3
1437,-0.6553607552035123,-0.6429080962076029,0
1438,-0.12417085355286,-0.41399223285545966,230
1439,-0.13155540171862737,-0.21673052703004936,217
1440,0.06359233086695171,-1.0534227577455348,466
1441,-0.6674347808847647,-1.3505007712625607,4
1442,-0.6648792279088165,-1.5244689247239334,8
1443,-0.664701986521229,-1.5820114290023422,2
1444,-0.6217190145274829,0.20316872321318402,46
1445,-0.6646245173685987,-0.7355549921427159,2
1446,-0.516835015590091,2.7913599534439317,11
1447,-0.08568612002410382,-0.9827231220051823,289
1448,-0.6516349956679037,0.20350707788693223,5
1449,-0.5420179739362075,-1.2041867014659644,50
1450,-0.3532775908326733,-0.5690144939333053,330
1451,-0.5708148747891727,-1.3320279172688503,41
1452,-0.6406901245189691,0.2033832895916585,20
1453,-0.6064074046501647,-0.7596564448304103,79
1454,-0.6084619201099908,0.4128747390142321,8
1455,-0.5804756459019785,0.04214630956212822,15
1456,0.9070182264343538,-0.4228234077084998,1124
1457,-0.5588098892625283,0.8193473074595955,17
1458,-0.596064731639319,1.1084915237161581,23
1459,-0.5807647554955094,1.0625461422240727,14
1460,0.06172723091059416,0.9409135911455534,467
1461,-0.642879098748756,0.20340804725071315,17
1462,-0.6692571763683903,-1.5244194094058239,2
1463,0.4316995813858577,-0.5357683621658145,969
1464,-0.5004925875053685,-0.9617058388140745,134
1465,0.4762448493123078,-0.7890687249722607,537
1466,8.730385011160543,1.091594596326164,7530
1467,0.6727135158630719,-0.5708736969460324,801
1468,-0.5846769480779209,1.654124945874848,0
1469,-0.6611429701260274,-1.7216893677842524,16
1470,-0.5382476629575293,-0.3929832022173701,76
1471,1.1751658198753852,-0.251916951416897,1491
1472,-0.610342440697275,-0.2138497190583376,35
1473,-0.6555513991500515,-0.8633230609957403,5
1474,-0.5126809234668578,-1.1700128724008885,104
1475,0.2277925454221466,-0.07924459262414593,591
1476,-0.5781994229549402,-1.13476621144344,28
1477,0.6416098310843562,0.14847402542989818,754
1478,-0.33640748767116274,-0.7663834829479529,356
1479,-0.6205346392032778,0.04209792027132113,0
1480,-0.09377790680408662,1.139850565233668,251
1481,-0.5625120467777867,1.0289150925046489,0
1482,-0.5084196492169196,-0.19614237659589062,114
1483,-0.6296801294349226,-0.039691756877545,8
1484,0.6335026236734469,-0.35001309429490945,742
1485,-0.6006673772413207,-0.12029786806278278,4
1486,-0.09433584098079646,-0.9129084853372161,270
1487,-0.3793379885695797,1.6713681694688385,186
1488,-0.6547096473352343,0.8187194068498792,0
1489,-0.6699868344449857,-1.5244111568528056,1
1490,0.8341865464991753,1.9018938938989784,786
1491,-0.3874792040995344,3.8726385918711226,0
1492,-0.1198808724930973,-0.21686256787834143,233
1493,0.7301623605518609,-0.4440620743709932,884
1494,-0.5142612540514991,2.884286586309534,5
1495,-0.6553607552035123,-0.6429080962076029,0
1496,0.9017199759516454,-0.6431806046255095,1122
1497,3.845876962052841,-1.4595287595585447,4130
1498,0.18003924372461197,0.4079020833300354,545
1499,-0.30377084804792825,0.8599728856013903,234
1500,0.40783292491194056,-1.1826513455790009,449
1501,-0.5601374052553985,-0.3927356256268227,46
1502,2.1528028227358145,-0.5009667566189068,1800
1503,0.42153663007205155,0.739665902212329,963
1504,0.8927769345016857,-1.2113750778290457,1116
1505,-0.5998252630533759,-1.726056175738576,7
1506,-0.1812713280581315,-0.9816420375597916,158
1507,-0.38447695332666315,-0.963017994743976,293
1508,2.9930170573747388,0.27824302348498164,2940
1509,3.874608738970694,-1.0887362855817286,4166
1510,-0.4610996096893053,1.4863814218045508,93
1511,1.918098996147244,1.8009313399454419,1312
1512,-0.6573955026120477,-0.9562579464143602,12
1513,-0.6491709095074935,0.5745966437724053,5
1514,0.32857530649364,-0.8106374937554843,337
1515,-0.0889294746085528,0.782061598938297,173
1516,2.64588695744603,0.8504647425614235,2458
1517,-0.6541835498123982,-0.31828184675493093,3
1518,-0.5305845034454117,-0.5670091235498708,87
1519,-0.2066222162081664,-0.4130596943643975,117
1520,-0.6717247619445275,-1.5476304362396787,1
1521,-0.5342145852657463,-0.3000730744578049,72
1522,-0.5787482166496177,1.1090012061038554,12
1523,-0.4448514291532885,-0.39403952900370603,204
1524,-0.5809421204617006,-1.5290915618218228,30
1525,-0.029019619172761926,-0.25169032453129303,309
1526,-0.5601374052553985,-0.3927356256268227,46
1527,-0.5512094897561243,0.4136382746460612,17
1528,-0.6416584774009004,0.36606679125409863,2
1529,-0.5472674620761102,0.19865336930453192,55
1530,-0.4288757091368057,0.7656099595553311,211
1531,-0.6255447210538359,3.2885502235174613,7
1532,-0.6750408693373722,-1.1528692303211654,0
1533,1.0567964863984607,1.1064301871927256,1311
1534,3.139806214711286,0.2653161136354176,3125
1535,2.4167801847401273,0.030543135502572226,2107
1536,-0.6475251603074996,-0.8634138390789413,16
1537,0.35760040390476006,0.19816409009283423,360
1538,-0.4427504223233126,-0.19688510636753304,204
1539,-0.28030057344192005,0.39281211519508075,418
1540,-0.5148733971123716,-0.8221095756902156,100
1541,-0.5149951230278309,1.225885896329105,18
1542,-0.519276552966043,-0.39319776859584454,102
1543,-0.5476452505534616,-0.5900550993233608,66
1544,-0.6593973323110225,-0.38793968491555014,3
1545,0.21941013312387156,-0.220700005031827,698
1546,-0.5761898829405023,-0.39255406946042115,24
1547,-0.6611247615633831,-1.4547945814572774,6
1548,1.1916984315389922,2.105589726248025,1324
1549,-0.3614460423245348,1.9852442071693297,161
1550,-0.05705352023725201,-1.3774033321633494,334
1551,-0.658579706834616,-0.5851271177637964,7
1552,-0.0338803965858138,-0.9833090532694777,360
1553,-0.6625910765480284,-0.759020998248005,2
1554,-0.06396110279466688,0.37403952642493665,301
1555,-0.6624390425545386,-0.38770121075015235,4
1556,-0.5491045667066529,-0.5900385942173243,64
1557,2.882347393491962,1.2682077825543991,2635
1558,1.241663881976589,0.5128047503934254,1573
1559,-0.6151408821069321,1.1657463146662306,43
1560,-0.07282081174687058,-0.1702114186255548,258
1561,-0.580300429784916,-1.3319206340796133,28
1562,-0.6487240736769846,-1.1070563358069696,22
1563,-0.49234980377525916,2.8030552569943437,26
1564,-0.484440109820265,-0.961887394980476,156
1565,-0.6434223237785489,-1.2345776779415782,25
1566,-0.4346726695715722,3.0826812167531608,7
1567,2.239632133850695,-0.5019488104280785,1919
1568,0.6147074484815825,-0.7441568885068905,722
1569,-0.5705800962033324,-0.2938718748787137,11
1570,-0.6243086206993197,-0.6312870656343559,24
1571,-0.6528191998904718,0.5746379065374965,0
1572,-0.6578500487580203,-0.5851353703168146,8
